{"cameraMode":{"drawMode":0,"name":"Shaded","section":"Shading Mode"},"sceneLighting":false,"audioPlay":false,"sceneViewState":{"showFog":true,"showMaterialUpdate":false,"showSkybox":false,"showFlares":true,"showImageEffects":true,"showParticleSystems":true},"in2DMode":false,"pivot":{"x":37.07569122314453,"y":6.203909397125244,"z":-12.92695426940918},"rotation":{"x":0.15226320922374726,"y":-0.5282864570617676,"z":0.09694865345954895,"w":0.8296694159507752},"size":49.38520050048828,"orthographic":true}