{"cameraMode":{"drawMode":0,"name":"Shaded","section":"Shading Mode"},"sceneLighting":true,"audioPlay":false,"sceneViewState":{"showFog":true,"showMaterialUpdate":false,"showSkybox":true,"showFlares":true,"showImageEffects":true,"showParticleSystems":true},"in2DMode":false,"pivot":{"x":-119.70391845703125,"y":-107.66143798828125,"z":-62.54951095581055},"rotation":{"x":0.3195832371711731,"y":0.09501440078020096,"z":-0.03222685307264328,"w":0.9422332644462586},"size":554.1339111328125,"orthographic":false}