{"cameraMode":{"drawMode":0,"name":"Shaded","section":"Shading Mode"},"sceneLighting":false,"audioPlay":false,"sceneViewState":{"showFog":true,"showMaterialUpdate":false,"showSkybox":false,"showFlares":true,"showImageEffects":true,"showParticleSystems":true},"in2DMode":false,"pivot":{"x":253.43028259277345,"y":-63.8115348815918,"z":-56.30111312866211},"rotation":{"x":0.2874264121055603,"y":0.019537437707185746,"z":-0.005864710081368685,"w":0.9575898051261902},"size":220.32705688476563,"orthographic":false}