{"cameraMode":{"drawMode":0,"name":"Shaded","section":"Shading Mode"},"sceneLighting":false,"audioPlay":false,"sceneViewState":{"showFog":true,"showMaterialUpdate":false,"showSkybox":false,"showFlares":true,"showImageEffects":true,"showParticleSystems":true},"in2DMode":false,"pivot":{"x":264.798095703125,"y":-0.2771334648132324,"z":-134.7390594482422},"rotation":{"x":0.20805048942565919,"y":-0.7260429859161377,"z":0.24917449057102204,"w":0.606215238571167},"size":71.34515380859375,"orthographic":false}