{"cameraMode":{"drawMode":0,"name":"Shaded","section":"Shading Mode"},"sceneLighting":false,"audioPlay":false,"sceneViewState":{"showFog":true,"showMaterialUpdate":false,"showSkybox":false,"showFlares":true,"showImageEffects":true,"showParticleSystems":true},"in2DMode":false,"pivot":{"x":-0.000011444091796875,"y":-14.0,"z":-0.0000057220458984375},"rotation":{"x":0.17892244458198548,"y":-0.6790997982025147,"z":0.17615440487861634,"w":0.689774751663208},"size":186.67628479003907,"orthographic":true}