{"cameraMode":{"drawMode":0,"name":"Shaded","section":"Shading Mode"},"sceneLighting":true,"audioPlay":false,"sceneViewState":{"showFog":true,"showMaterialUpdate":false,"showSkybox":true,"showFlares":true,"showImageEffects":true,"showParticleSystems":true},"in2DMode":false,"pivot":{"x":-239.02957153320313,"y":151.22972106933595,"z":18.277847290039064},"rotation":{"x":0.376073956489563,"y":0.25814861059188845,"z":-0.1099354699254036,"w":0.8830897212028503},"size":247.67564392089845,"orthographic":true}