{"cameraMode":{"drawMode":0,"name":"Shaded","section":"Shading Mode"},"sceneLighting":false,"audioPlay":false,"sceneViewState":{"showFog":true,"showMaterialUpdate":false,"showSkybox":false,"showFlares":true,"showImageEffects":true,"showParticleSystems":true},"in2DMode":false,"pivot":{"x":292.0549011230469,"y":256.9754333496094,"z":-155.69168090820313},"rotation":{"x":0.054422155022621158,"y":0.07422088086605072,"z":-0.004056289792060852,"w":0.9957507252693176},"size":786.747314453125,"orthographic":true}