{"cameraMode":{"drawMode":0,"name":"Shaded","section":"Shading Mode"},"sceneLighting":false,"audioPlay":false,"sceneViewState":{"showFog":true,"showMaterialUpdate":false,"showSkybox":false,"showFlares":true,"showImageEffects":true,"showParticleSystems":true},"in2DMode":false,"pivot":{"x":675.4902954101563,"y":354.4122314453125,"z":-173.432861328125},"rotation":{"x":0.2623522877693176,"y":0.01736864261329174,"z":-0.004720763303339481,"w":0.9648135900497437},"size":577.5933837890625,"orthographic":true}