{"cameraMode":{"drawMode":0,"name":"Shaded","section":"Shading Mode"},"sceneLighting":true,"audioPlay":false,"sceneViewState":{"showFog":true,"showMaterialUpdate":false,"showSkybox":true,"showFlares":true,"showImageEffects":true,"showParticleSystems":true},"in2DMode":false,"pivot":{"x":676.2350463867188,"y":510.3703918457031,"z":204.34521484375},"rotation":{"x":0.3704563081264496,"y":-0.004179639741778374,"z":0.001668884651735425,"w":0.9288491606712341},"size":1129.252685546875,"orthographic":true}