{"cameraMode":{"drawMode":0,"name":"Shaded","section":"Shading Mode"},"sceneLighting":true,"audioPlay":false,"sceneViewState":{"showFog":true,"showMaterialUpdate":false,"showSkybox":true,"showFlares":true,"showImageEffects":true,"showParticleSystems":true},"in2DMode":false,"pivot":{"x":-177.53646850585938,"y":-154.1039276123047,"z":182.5500946044922},"rotation":{"x":0.22873957455158235,"y":0.6931780576705933,"z":-0.2491089254617691,"w":0.6364971399307251},"size":246.366943359375,"orthographic":true}