{"cameraMode":{"drawMode":0,"name":"Shaded","section":"Shading Mode"},"sceneLighting":false,"audioPlay":false,"sceneViewState":{"showFog":true,"showMaterialUpdate":false,"showSkybox":false,"showFlares":true,"showImageEffects":true,"showParticleSystems":true},"in2DMode":false,"pivot":{"x":804.3178100585938,"y":559.5995483398438,"z":-191.32382202148438},"rotation":{"x":0.054422155022621158,"y":0.07422088086605072,"z":-0.004056289792060852,"w":0.9957507252693176},"size":1305.56396484375,"orthographic":true}