{"cameraMode":{"drawMode":0,"name":"Shaded","section":"Shading Mode"},"sceneLighting":false,"audioPlay":false,"sceneViewState":{"showFog":true,"showMaterialUpdate":false,"showSkybox":false,"showFlares":true,"showImageEffects":true,"showParticleSystems":true},"in2DMode":false,"pivot":{"x":116.20716857910156,"y":719.8596801757813,"z":-100.87090301513672},"rotation":{"x":0.21285049617290498,"y":-0.008793574757874012,"z":0.0019156655762344599,"w":0.9770439863204956},"size":349.1627197265625,"orthographic":true}