{"cameraMode":{"drawMode":0,"name":"Shaded","section":"Shading Mode"},"sceneLighting":false,"audioPlay":false,"sceneViewState":{"showFog":true,"showMaterialUpdate":false,"showSkybox":false,"showFlares":true,"showImageEffects":true,"showParticleSystems":true},"in2DMode":false,"pivot":{"x":0.01272594928741455,"y":0.4433014690876007,"z":0.0003420114517211914},"rotation":{"x":0.38987964391708376,"y":-0.001381532521918416,"z":0.0005844386178068817,"w":0.9208678007125855},"size":5.827608108520508,"orthographic":true}