{"cameraMode":{"drawMode":0,"name":"Shaded","section":"Shading Mode"},"sceneLighting":false,"audioPlay":false,"sceneViewState":{"showFog":true,"showMaterialUpdate":false,"showSkybox":false,"showFlares":true,"showImageEffects":true,"showParticleSystems":true},"in2DMode":false,"pivot":{"x":1033.19921875,"y":861.1542358398438,"z":-49.370826721191409},"rotation":{"x":0.2571767568588257,"y":-0.00318955909460783,"z":0.0008465899736620486,"w":0.9663642048835754},"size":684.8043823242188,"orthographic":true}