{"cameraMode":{"drawMode":0,"name":"Shaded","section":"Shading Mode"},"sceneLighting":false,"audioPlay":false,"sceneViewState":{"showFog":true,"showMaterialUpdate":false,"showSkybox":false,"showFlares":true,"showImageEffects":true,"showParticleSystems":true},"in2DMode":false,"pivot":{"x":449.80841064453127,"y":222.1286163330078,"z":-290.1500244140625},"rotation":{"x":0.20165219902992249,"y":0.02291708067059517,"z":-0.004719327203929424,"w":0.9791812300682068},"size":770.4533081054688,"orthographic":true}