{"cameraMode":{"drawMode":0,"name":"Shaded","section":"Shading Mode"},"sceneLighting":false,"audioPlay":false,"sceneViewState":{"showFog":true,"showMaterialUpdate":false,"showSkybox":false,"showFlares":true,"showImageEffects":true,"showParticleSystems":true},"in2DMode":false,"pivot":{"x":199.9510498046875,"y":26.222200393676759,"z":402.8411865234375},"rotation":{"x":0.18529076874256135,"y":-0.7061035633087158,"z":0.2002168744802475,"w":0.653459370136261},"size":25.715099334716798,"orthographic":true}