{"cameraMode":{"drawMode":0,"name":"Shaded","section":"Shading Mode"},"sceneLighting":false,"audioPlay":false,"sceneViewState":{"showFog":true,"showMaterialUpdate":false,"showSkybox":false,"showFlares":true,"showImageEffects":true,"showParticleSystems":true},"in2DMode":false,"pivot":{"x":176.11111450195313,"y":697.375,"z":-108.88749694824219},"rotation":{"x":0.21285049617290498,"y":-0.008793574757874012,"z":0.0019156655762344599,"w":0.9770439863204956},"size":1709.818115234375,"orthographic":true}