{"cameraMode":{"drawMode":0,"name":"Shaded","section":"Shading Mode"},"sceneLighting":false,"audioPlay":false,"sceneViewState":{"showFog":true,"showMaterialUpdate":false,"showSkybox":false,"showFlares":true,"showImageEffects":true,"showParticleSystems":true},"in2DMode":false,"pivot":{"x":0.1272592544555664,"y":4.433014869689941,"z":0.0034203529357910158},"rotation":{"x":0.45662420988082888,"y":0.11419481039047241,"z":-0.05923372507095337,"w":0.8803145289421082},"size":225.09288024902345,"orthographic":true}