{"cameraMode":{"drawMode":0,"name":"Shaded","section":"Shading Mode"},"sceneLighting":true,"audioPlay":false,"sceneViewState":{"showFog":true,"showMaterialUpdate":false,"showSkybox":true,"showFlares":true,"showImageEffects":true,"showParticleSystems":true},"in2DMode":false,"pivot":{"x":1006.4238891601563,"y":550.320068359375,"z":-13.737607955932618},"rotation":{"x":-0.04048784077167511,"y":0.007493290118873119,"z":0.0003039760049432516,"w":0.9991646409034729},"size":1122.66455078125,"orthographic":true}