{"cameraMode":{"drawMode":0,"name":"Shaded","section":"Shading Mode"},"sceneLighting":false,"audioPlay":false,"sceneViewState":{"showFog":true,"showMaterialUpdate":false,"showSkybox":false,"showFlares":true,"showImageEffects":true,"showParticleSystems":true},"in2DMode":false,"pivot":{"x":262.0216979980469,"y":1.4262676239013672,"z":-82.22927856445313},"rotation":{"x":0.25649493932724,"y":0.07038561254739762,"z":-0.018732236698269845,"w":0.963801383972168},"size":290.43408203125,"orthographic":false}