{"cameraMode":{"drawMode":0,"name":"Shaded","section":"Shading Mode"},"sceneLighting":false,"audioPlay":false,"sceneViewState":{"showFog":true,"showMaterialUpdate":false,"showSkybox":false,"showFlares":true,"showImageEffects":true,"showParticleSystems":true},"in2DMode":false,"pivot":{"x":-8.707932472229004,"y":3.2591423988342287,"z":1.8328032493591309},"rotation":{"x":0.25909700989723208,"y":0.05357154458761215,"z":-0.014395409263670445,"w":0.9642603993415833},"size":49.02933883666992,"orthographic":true}