{"cameraMode":{"drawMode":0,"name":"Shaded","section":"Shading Mode"},"sceneLighting":false,"audioPlay":false,"sceneViewState":{"showFog":true,"showMaterialUpdate":false,"showSkybox":false,"showFlares":true,"showImageEffects":true,"showParticleSystems":true},"in2DMode":false,"pivot":{"x":18.801044464111329,"y":3.9970667362213136,"z":-9.96847152709961},"rotation":{"x":0.17892244458198548,"y":-0.6790997982025147,"z":0.17615440487861634,"w":0.689774751663208},"size":50.6126823425293,"orthographic":true}